<?xml version="1.0" encoding="UTF-8"?>
<project-private xmlns="http://www.netbeans.org/ns/project-private/1">
    <editor-bookmarks xmlns="http://www.netbeans.org/ns/editor-bookmarks/2" lastBookmarkId="1">
        <file>
            <url>src/projetp1/JFramePaint.java</url>
            <bookmark id="1">
                <name/>
                <line>11</line>
                <key/>
            </bookmark>
        </file>
    </editor-bookmarks>
    <open-files xmlns="http://www.netbeans.org/ns/projectui-open-files/2">
        <group>
            <file>file:/C:/Users/Chris/Desktop/Java/NetBeansProjects/Paint/src/projetp1/ProjeTp1.java</file>
            <file>file:/C:/Users/Chris/Desktop/Java/NetBeansProjects/Paint/src/projetp1/Propriete.java</file>
            <file>file:/C:/Users/Chris/Desktop/Java/NetBeansProjects/Paint/src/projetp1/Tp1.java</file>
            <file>file:/C:/Users/Chris/Desktop/Java/NetBeansProjects/Paint/src/projetp1/Definir.java</file>
            <file>file:/C:/Users/Chris/Desktop/Java/NetBeansProjects/Paint/src/projetp1/DrawArea.java</file>
        </group>
    </open-files>
</project-private>
